Name,Type,Price,Shop,Quantity
"Автомобільний РК-монітор 7""(16 9), AV/VGA/HDMI роз'єми, 1024*600ips, 12-24V, BOX h",Монітори,2 828 ₴,Nice Price,1
"Монітор для відеоспостереження TFT 5"", 12V, BOX h",Монітори,1 241 ₴,Nice Price,1
"Автомобільний РК-монітор 7""(16:9) панель IPS, AV/VGA/HDMI роз'єми, 1024*600ips, 12-24V, BOX h",Монітори,3 150 ₴,Nice Price,1
Кабель мультимедійний DisplayPort to HDMI 5.0m Cablexpert (CC-DP-HDMI-5M) fr,Монітори,508.13 ₴,ferst,1
"Кабель мультимедійний Display Port to DVI 24+1pin, 1.0m Cablexpert (CC-DPM-DVIM-1M) fr",Монітори,303.94 ₴,ferst,1
Кабель мультимедійний DVI-D to DVI-D 1.5m PowerPlant (KD00AS1283) fr,Монітори,379.04 ₴,ferst,1
Кабель мультимедийный Jack 3.5mm female 4-pin to 2x Jack 3.5mm male 0.2m Cablexpert (CCA-418) fr,Монітори,125.56 ₴,ferst,1
Кабель мультимедійний Display Port to Display Port 1.0m Cablexpert (CC-DP-1M) fr,Монітори,231.18 ₴,ferst,1
"Кабель мультимедійний HDMI A to HDMI C (mini), 3.0m Cablexpert (CC-HDMI4C-10) fr",Монітори,259.34 ₴,ferst,1
Кабель мультимедійний HDMI to DVI 1.8m REAL-EL (EL123500013) fr,Монітори,283.99 ₴,ferst,1
Кабель мультимедійний Display Port to Display Port 1.8m Patron (CAB-PN-DP-DP-18) fr,Монітори,319.19 ₴,ferst,1
Кабель мультимедийный подовжувач Jack 3.5mm папа/Jack 3.5mm мама Cablexpert (CCA-423-3M) fr,Монітори,119.70 ₴,ferst,1
Кабель мультимедійний VGA 1.5m Atcom (7789) fr,Монітори,185.41 ₴,ferst,1
Кабель мультимедийный подовжувач Jack 3.5mm папа/Jack 3.5mm мама Cablexpert (CCA-423) fr,Монітори,107.97 ₴,ferst,1
"Кабель мультимедійний RCA SCART, 1.8 m Cablexpert (CCV-519-001) fr",Монітори,174.85 ₴,ferst,1
Кабель мультимедійний аудіо оптичний 1.8m Atcom (10703) fr,Монітори,286.34 ₴,ferst,1
"Монітор портативний ARZOPA A1 14.1"" ігровий дисплей Switch ps4 ps5 Xbox ноутбук",Монітори,5 300 ₴,"""Місто Гаджетів"" інтернет магазин",1
Кабель мультимедійний miniDisplayPort to HDMI 1.8m Cablexpert (CC-mDP-HDMI-6) fr,Монітори,413.07 ₴,ferst,1
"Кабель мультимедійний HDMI A to HDMI C (mini), 5.0m PowerPlant (KD00AS1246) fr",Монітори,441.24 ₴,ferst,1
Кабель мультимедійний Jack 3.5 mm 3 m MM 3С Vinga (VCPDCJ35MM3BK) fr,Монітори,107.97 ₴,ferst,1
"Кабель мультимедійний HDMI A to HDMI D (micro), 5.0m PowerPlant (KD00AS1245) fr",Монітори,397.82 ₴,ferst,1
Кабель мультимедийный подовжувач Jack 3.5mm папа/Jack 3.5mm мама Cablexpert (CCA-423-5M) fr,Монітори,125.56 ₴,ferst,1
Кабель мультимедійний HDMI to HDMI 0.5m Maxxter (V-HDMI4-0.5M) fr,Монітори,125.56 ₴,ferst,1
Кабель мультимедійний VGA M/F 1.8m Cablexpert (CC-PPVGAX-6B) fr,Монітори,231.18 ₴,ferst,1
Кабель мультимедійний HDMI male to female 1.8m Cablexpert (CC-HDMI4X-6) fr,Монітори,231.18 ₴,ferst,1
"Кабель мультимедійний HDMI A to HDMI D (micro), 3.0m Cablexpert (CC-HDMID-10) fr",Монітори,252.31 ₴,ferst,1
"Кабель мультимедійний HDMI to DVI 18+1pin M, 3.0m Cablexpert (CC-HDMI-DVI-10) fr",Монітори,252.31 ₴,ferst,1
Кабель мультимедійний HDMI male to female 3.0m Cablexpert (CC-HDMI4X-10) fr,Монітори,259.34 ₴,ferst,1
"Розгалужувач Digitus крученої пари, STP, cat.5e, 1x2RJ-45 (DN-93904) fr",Монітори,274.60 ₴,ferst,1
Кабель мультимедійний Display Port to HDMI 1.8m Cablexpert (CC-DP-HDMI-6) fr,Монітори,326.24 ₴,ferst,1
Кабель мультимедійний Display Port to Display Port 1.8m v1.2 Cablexpert (CC-DP2-6) fr,Монітори,282.81 ₴,ferst,1
Кабель мультимедійний 3RCA to 3RCA 1.8m Atcom (10711) fr,Монітори,164.29 ₴,ferst,1
"Кабель мультимедійний HDMI to DVI 18+1pin M, 0.5m Cablexpert (CC-HDMI-DVI-0.5M) fr",Монітори,213.58 ₴,ferst,1
Полиця на монітор tl,Монітори,279.50 ₴,Svitlomagazun,1
Полиця на монітор an,Монітори,281.65 ₴,AnnIvanivna,1
Полиця на монітор mg,Монітори,280.80 ₴,Dobromagazin,1
"5x CCFL лампа підсвічування РК монітора 19 16:9, 417 мм hd",Монітори,250.53 ₴,HAD,1
"CCFL лампа підсвічування РК монітора 19 16:9, 417 мм hd",Монітори,250.53 ₴,HAD,1
"5x CCFL лампа підсвічування РК монітора 22 16:9, 482мм hd",Монітори,407.85 ₴,HAD,1
"Універсальний інвертор на 2 CCFL лампи 10-26"", AVT2028 hd",Монітори,186.44 ₴,HAD,1
"5x CCFL лампа підсвічування РК монітора 19 16:9, 417 мм lb",Монітори,250.70 ₴,Lebo,1
"CCFL лампа підсвічування РК монітора 19 16:9, 417 мм lb",Монітори,250.70 ₴,Lebo,1
"Універсальний інвертор на 2 CCFL лампи 10-26"", AVT2028 lb",Монітори,186.57 ₴,Lebo,1
"5x CCFL лампа підсвічування РК монітора 19 16:9, 417 мм st",Монітори,250.99 ₴,Strum,1
"CCFL лампа підсвічування РК монітора 19 16:9, 417 мм st",Монітори,250.99 ₴,Strum,1
"Універсальний інвертор на 2 CCFL лампи 10-26"", AVT2028 st",Монітори,186.79 ₴,Strum,1
"Автомобільний РК-монітор 10.1 "", AV + VGA + HDMI + RCA роз'єми, 1024 * 600ips, 12-24V, BOX i",Монітори,4 622 ₴,ВИШНЯ,1
"Автомобільний РК-монітор 7""(16 9), AV/VGA/HDMI роз'єми, 1024*600ips, 12-24V, BOX i",Монітори,2 828 ₴,ВИШНЯ,1
"Монітор для відеоспостереження TFT 5"", 12V, BOX i",Монітори,1 241 ₴,ВИШНЯ,1
"Автомобільний РК-монітор 7""(16:9) панель IPS, AV/VGA/HDMI роз'єми, 1024*600ips, 12-24V, BOX i",Монітори,3 150 ₴,ВИШНЯ,1
Кабель мультимедійний Display Port to HDMI 3.0m Cablexpert (CC-DP-HDMI-3M) fr,Монітори,334.45 ₴,ferst,1
Кабель мультимедійний Display Port to Display Port 3.0m Cablexpert (CC-DP2-10) fr,Монітори,318.02 ₴,ferst,1
Кабель мультимедійний miniDisplayPort to DisplayPort 1.8m Cablexpert (CCP-mDP2-6) fr,Монітори,282.81 ₴,ferst,1
Кабель мультимедійний Jack 3.5mm тато/2RCA мама Cablexpert (CCA-406) fr,Монітори,117.35 ₴,ferst,1
Кабель мультимедійний HDMI to VGA/3*RCA 1.0m 1080p PowerPlant (CA912018) fr,Монітори,461.19 ₴,ferst,1
"Автомобільний РК-монітор 10.1 "", AV + VGA + HDMI + RCA роз'єми, 1024 * 600ips, 12-24V, BOX h",Монітори,4 622 ₴,Nice Price,1
"Розгалужувач Digitus крученої пари, STP, cat.5e, 1x2RJ-45 (DN-93904) fr",Монітори,274.60 ₴,ferst,1
Кабель мультимедійний Display Port to HDMI 1.8m Cablexpert (CC-DP-HDMI-6) fr,Монітори,326.24 ₴,ferst,1
Кабель мультимедійний Display Port to Display Port 1.8m v1.2 Cablexpert (CC-DP2-6) fr,Монітори,282.81 ₴,ferst,1
Кабель мультимедійний 3RCA to 3RCA 1.8m Atcom (10711) fr,Монітори,164.29 ₴,ferst,1
"Кабель мультимедійний HDMI to DVI 18+1pin M, 0.5m Cablexpert (CC-HDMI-DVI-0.5M) fr",Монітори,213.58 ₴,ferst,1
Полиця на монітор tl,Монітори,279.50 ₴,Svitlomagazun,1
Полиця на монітор an,Монітори,281.65 ₴,AnnIvanivna,1
Полиця на монітор mg,Монітори,280.80 ₴,Dobromagazin,1
"5x CCFL лампа підсвічування РК монітора 19 16:9, 417 мм hd",Монітори,250.53 ₴,HAD,1
"CCFL лампа підсвічування РК монітора 19 16:9, 417 мм hd",Монітори,250.53 ₴,HAD,1
"5x CCFL лампа підсвічування РК монітора 22 16:9, 482мм hd",Монітори,407.85 ₴,HAD,1
"Універсальний інвертор на 2 CCFL лампи 10-26"", AVT2028 hd",Монітори,186.44 ₴,HAD,1
"5x CCFL лампа підсвічування РК монітора 19 16:9, 417 мм lb",Монітори,250.70 ₴,Lebo,1
"CCFL лампа підсвічування РК монітора 19 16:9, 417 мм lb",Монітори,250.70 ₴,Lebo,1
"Універсальний інвертор на 2 CCFL лампи 10-26"", AVT2028 lb",Монітори,186.57 ₴,Lebo,1
"5x CCFL лампа підсвічування РК монітора 19 16:9, 417 мм st",Монітори,250.99 ₴,Strum,1
"CCFL лампа підсвічування РК монітора 19 16:9, 417 мм st",Монітори,250.99 ₴,Strum,1
"Універсальний інвертор на 2 CCFL лампи 10-26"", AVT2028 st",Монітори,186.79 ₴,Strum,1
"Автомобільний РК-монітор 10.1 "", AV + VGA + HDMI + RCA роз'єми, 1024 * 600ips, 12-24V, BOX i",Монітори,4 622 ₴,ВИШНЯ,1
"Автомобільний РК-монітор 7""(16 9), AV/VGA/HDMI роз'єми, 1024*600ips, 12-24V, BOX i",Монітори,2 828 ₴,ВИШНЯ,1
"Монітор для відеоспостереження TFT 5"", 12V, BOX i",Монітори,1 241 ₴,ВИШНЯ,1
"Автомобільний РК-монітор 7""(16:9) панель IPS, AV/VGA/HDMI роз'єми, 1024*600ips, 12-24V, BOX i",Монітори,3 150 ₴,ВИШНЯ,1
Кабель мультимедійний Display Port to HDMI 3.0m Cablexpert (CC-DP-HDMI-3M) fr,Монітори,334.45 ₴,ferst,1
Кабель мультимедійний Display Port to Display Port 3.0m Cablexpert (CC-DP2-10) fr,Монітори,318.02 ₴,ferst,1
Кабель мультимедійний miniDisplayPort to DisplayPort 1.8m Cablexpert (CCP-mDP2-6) fr,Монітори,282.81 ₴,ferst,1
Кабель мультимедійний Jack 3.5mm тато/2RCA мама Cablexpert (CCA-406) fr,Монітори,117.35 ₴,ferst,1
Кабель мультимедійний HDMI to VGA/3*RCA 1.0m 1080p PowerPlant (CA912018) fr,Монітори,461.19 ₴,ferst,1
"Автомобільний РК-монітор 10.1 "", AV + VGA + HDMI + RCA роз'єми, 1024 * 600ips, 12-24V, BOX h",Монітори,4 622 ₴,Nice Price,1
